Modelo;Código caixa grade;Cor;Tam;Descrição modelo;Grade que não pode faltar;Tem que ter este tamanho?
4148261;7016226;555;178;BABY CLOG;17/8 - 23/4;Sim
4148261;7016226;555;190;BABY CLOG;17/8 - 23/4;Sim
4148261;7016226;555;212;BABY CLOG;17/8 - 23/4;Sim
4148261;7016226;555;234;BABY CLOG;17/8 - 23/4;Sim
4148261;7016226;555;256;BABY CLOG;17/8 - 23/4;
4148261;7016226;6024;178;BABY CLOG;17/8 - 23/4;Sim
4148261;7016226;6024;190;BABY CLOG;17/8 - 23/4;Sim
4148261;7016226;6024;212;BABY CLOG;17/8 - 23/4;Sim
4148261;7016226;6024;234;BABY CLOG;17/8 - 23/4;Sim
4148261;7016226;6024;256;BABY CLOG;17/8 - 23/4;
4148261;7016226;31;178;BABY CLOG;17/8 - 23/4;Sim
4148261;7016226;31;190;BABY CLOG;17/8 - 23/4;Sim
4148261;7016226;31;212;BABY CLOG;17/8 - 23/4;Sim
4148261;7016226;31;234;BABY CLOG;17/8 - 23/4;Sim
4148261;7016226;31;256;BABY CLOG;17/8 - 23/4;
4148261;7016226;1766;178;BABY CLOG;17/8 - 23/4;Sim
4148261;7016226;1766;190;BABY CLOG;17/8 - 23/4;Sim
4148261;7016226;1766;212;BABY CLOG;17/8 - 23/4;Sim
4148261;7016226;1766;234;BABY CLOG;17/8 - 23/4;Sim
4148261;7016226;1766;256;BABY CLOG;17/8 - 23/4;
4148261;7016226;1829;178;BABY CLOG;17/8 - 23/4;Sim
4148261;7016226;1829;190;BABY CLOG;17/8 - 23/4;Sim
4148261;7016226;1829;212;BABY CLOG;17/8 - 23/4;Sim
4148261;7016226;1829;234;BABY CLOG;17/8 - 23/4;Sim
4148261;7016226;1829;256;BABY CLOG;17/8 - 23/4;
4148462;7016299;1749;178;BABY CLOG PEPPA PIG;17/8 - 23/4;Sim
4148462;7016299;1749;190;BABY CLOG PEPPA PIG;17/8 - 23/4;Sim
4148462;7016299;1749;212;BABY CLOG PEPPA PIG;17/8 - 23/4;Sim
4148462;7016299;1749;234;BABY CLOG PEPPA PIG;17/8 - 23/4;Sim
4148462;7016299;1749;256;BABY CLOG PEPPA PIG;17/8 - 23/4;
4148462;7016299;1822;178;BABY CLOG PEPPA PIG;17/8 - 23/4;Sim
4148462;7016299;1822;190;BABY CLOG PEPPA PIG;17/8 - 23/4;Sim
4148462;7016299;1822;212;BABY CLOG PEPPA PIG;17/8 - 23/4;Sim
4148462;7016299;1822;234;BABY CLOG PEPPA PIG;17/8 - 23/4;Sim
4148462;7016299;1822;256;BABY CLOG PEPPA PIG;17/8 - 23/4;
4148260;7016237;3936;234;KIDS CLOG;23/4 - 31/2;Sim
4148260;7016237;3936;256;KIDS CLOG;23/4 - 31/2;Sim
4148260;7016237;3936;278;KIDS CLOG;23/4 - 31/2;Sim
4148260;7016237;3936;290;KIDS CLOG;23/4 - 31/2;Sim
4148260;7016237;3936;312;KIDS CLOG;23/4 - 31/2;Sim
4148260;7016237;3936;334;KIDS CLOG;23/4 - 31/2;
4148260;7016237;3936;356;KIDS CLOG;23/4 - 31/2;
4148260;7016237;3925;234;KIDS CLOG;23/4 - 31/2;Sim
4148260;7016237;3925;256;KIDS CLOG;23/4 - 31/2;Sim
4148260;7016237;3925;278;KIDS CLOG;23/4 - 31/2;Sim
4148260;7016237;3925;290;KIDS CLOG;23/4 - 31/2;Sim
4148260;7016237;3925;312;KIDS CLOG;23/4 - 31/2;Sim
4148260;7016237;3925;334;KIDS CLOG;23/4 - 31/2;
4148260;7016237;3925;356;KIDS CLOG;23/4 - 31/2;
4148260;7016237;3577;234;KIDS CLOG;23/4 - 31/2;Sim
4148260;7016237;3577;256;KIDS CLOG;23/4 - 31/2;Sim
4148260;7016237;3577;278;KIDS CLOG;23/4 - 31/2;Sim
4148260;7016237;3577;290;KIDS CLOG;23/4 - 31/2;Sim
4148260;7016237;3577;312;KIDS CLOG;23/4 - 31/2;Sim
4148260;7016237;3577;334;KIDS CLOG;23/4 - 31/2;
4148260;7016237;3577;356;KIDS CLOG;23/4 - 31/2;
4148260;7016237;3923;234;KIDS CLOG;23/4 - 31/2;Sim
4148260;7016237;3923;256;KIDS CLOG;23/4 - 31/2;Sim
4148260;7016237;3923;278;KIDS CLOG;23/4 - 31/2;Sim
4148260;7016237;3923;290;KIDS CLOG;23/4 - 31/2;Sim
4148260;7016237;3923;312;KIDS CLOG;23/4 - 31/2;Sim
4148260;7016237;3923;334;KIDS CLOG;23/4 - 31/2;
4148260;7016237;3923;356;KIDS CLOG;23/4 - 31/2;
4148260;7016237;3929;234;KIDS CLOG;23/4 - 31/2;Sim
4148260;7016237;3929;256;KIDS CLOG;23/4 - 31/2;Sim
4148260;7016237;3929;278;KIDS CLOG;23/4 - 31/2;Sim
4148260;7016237;3929;290;KIDS CLOG;23/4 - 31/2;Sim
4148260;7016237;3929;312;KIDS CLOG;23/4 - 31/2;Sim
4148260;7016237;3929;334;KIDS CLOG;23/4 - 31/2;
4148260;7016237;3929;356;KIDS CLOG;23/4 - 31/2;
4148460;7016525;74;234;KIDS CLOG MARVEL;23/4 - 31/2;Sim
4148460;7016525;74;256;KIDS CLOG MARVEL;23/4 - 31/2;Sim
4148460;7016525;74;278;KIDS CLOG MARVEL;23/4 - 31/2;Sim
4148460;7016525;74;290;KIDS CLOG MARVEL;23/4 - 31/2;Sim
4148460;7016525;74;312;KIDS CLOG MARVEL;23/4 - 31/2;Sim
4148460;7016525;74;334;KIDS CLOG MARVEL;23/4 - 31/2;
4148460;7016525;74;356;KIDS CLOG MARVEL;23/4 - 31/2;
4148460;7016525;555;234;KIDS CLOG MARVEL;23/4 - 31/2;Sim
4148460;7016525;555;256;KIDS CLOG MARVEL;23/4 - 31/2;Sim
4148460;7016525;555;278;KIDS CLOG MARVEL;23/4 - 31/2;Sim
4148460;7016525;555;290;KIDS CLOG MARVEL;23/4 - 31/2;Sim
4148460;7016525;555;312;KIDS CLOG MARVEL;23/4 - 31/2;Sim
4148460;7016525;555;334;KIDS CLOG MARVEL;23/4 - 31/2;
4148460;7016525;555;356;KIDS CLOG MARVEL;23/4 - 31/2;
4148463;7016212;1801;234;KIDS CLOG PRINCESAS;23/4 - 31/2;Sim
4148463;7016212;1801;256;KIDS CLOG PRINCESAS;23/4 - 31/2;Sim
4148463;7016212;1801;278;KIDS CLOG PRINCESAS;23/4 - 31/2;Sim
4148463;7016212;1801;290;KIDS CLOG PRINCESAS;23/4 - 31/2;Sim
4148463;7016212;1801;312;KIDS CLOG PRINCESAS;23/4 - 31/2;Sim
4148463;7016212;1801;334;KIDS CLOG PRINCESAS;23/4 - 31/2;
4148463;7016212;1801;356;KIDS CLOG PRINCESAS;23/4 - 31/2;
4148463;7016212;1766;234;KIDS CLOG PRINCESAS;23/4 - 31/2;Sim
4148463;7016212;1766;256;KIDS CLOG PRINCESAS;23/4 - 31/2;Sim
4148463;7016212;1766;278;KIDS CLOG PRINCESAS;23/4 - 31/2;Sim
4148463;7016212;1766;290;KIDS CLOG PRINCESAS;23/4 - 31/2;Sim
4148463;7016212;1766;312;KIDS CLOG PRINCESAS;23/4 - 31/2;Sim
4148463;7016212;1766;334;KIDS CLOG PRINCESAS;23/4 - 31/2;
4148463;7016212;1766;356;KIDS CLOG PRINCESAS;23/4 - 31/2;
4119787;7006361;2484;234;SANDÁLIA HAVAIANAS SLIM LOGO POP-UP;35/6 - 39/0;
4119787;7006361;2484;256;SANDÁLIA HAVAIANAS SLIM LOGO POP-UP;35/6 - 39/0;
4119787;7006361;2484;278;SANDÁLIA HAVAIANAS SLIM LOGO POP-UP;35/6 - 39/0;
4119787;7006361;2484;290;SANDÁLIA HAVAIANAS SLIM LOGO POP-UP;35/6 - 39/0;
4119787;7006361;2484;312;SANDÁLIA HAVAIANAS SLIM LOGO POP-UP;35/6 - 39/0;
4119787;7006361;2484;334;SANDÁLIA HAVAIANAS SLIM LOGO POP-UP;35/6 - 39/0;
4119787;7006361;2484;356;SANDÁLIA HAVAIANAS SLIM LOGO POP-UP;35/6 - 39/0;Sim
4119787;7006361;2484;378;SANDÁLIA HAVAIANAS SLIM LOGO POP-UP;35/6 - 39/0;Sim
4119787;7006361;2484;390;SANDÁLIA HAVAIANAS SLIM LOGO POP-UP;35/6 - 39/0;Sim
4119787;7006361;2484;412;SANDÁLIA HAVAIANAS SLIM LOGO POP-UP;35/6 - 39/0;
4119787;7006361;2484;434;SANDÁLIA HAVAIANAS SLIM LOGO POP-UP;35/6 - 39/0;
4119787;7006361;2484;456;SANDÁLIA HAVAIANAS SLIM LOGO POP-UP;35/6 - 39/0;
4119787;7006361;1768;234;SANDÁLIA HAVAIANAS SLIM LOGO POP-UP;35/6 - 39/0;
4119787;7006361;1768;256;SANDÁLIA HAVAIANAS SLIM LOGO POP-UP;35/6 - 39/0;
4119787;7006361;1768;278;SANDÁLIA HAVAIANAS SLIM LOGO POP-UP;35/6 - 39/0;
4119787;7006361;1768;290;SANDÁLIA HAVAIANAS SLIM LOGO POP-UP;35/6 - 39/0;
4119787;7006361;1768;312;SANDÁLIA HAVAIANAS SLIM LOGO POP-UP;35/6 - 39/0;
4119787;7006361;1768;334;SANDÁLIA HAVAIANAS SLIM LOGO POP-UP;35/6 - 39/0;
4119787;7006361;1768;356;SANDÁLIA HAVAIANAS SLIM LOGO POP-UP;35/6 - 39/0;Sim
4119787;7006361;1768;378;SANDÁLIA HAVAIANAS SLIM LOGO POP-UP;35/6 - 39/0;Sim
4119787;7006361;1768;390;SANDÁLIA HAVAIANAS SLIM LOGO POP-UP;35/6 - 39/0;Sim
4119787;7006361;1768;412;SANDÁLIA HAVAIANAS SLIM LOGO POP-UP;35/6 - 39/0;
4119787;7006361;1768;434;SANDÁLIA HAVAIANAS SLIM LOGO POP-UP;35/6 - 39/0;
4119787;7006361;1768;456;SANDÁLIA HAVAIANAS SLIM LOGO POP-UP;35/6 - 39/0;
4148308;7015299;90;256;SANDÁLIA HAVAIANAS TOP TIMES VASCO DA GAMA;39/0 - 43/4;
4148308;7015299;90;278;SANDÁLIA HAVAIANAS TOP TIMES VASCO DA GAMA;39/0 - 43/4;
4148308;7015299;90;290;SANDÁLIA HAVAIANAS TOP TIMES VASCO DA GAMA;39/0 - 43/4;
4148308;7015299;90;312;SANDÁLIA HAVAIANAS TOP TIMES VASCO DA GAMA;39/0 - 43/4;
4148308;7015299;90;334;SANDÁLIA HAVAIANAS TOP TIMES VASCO DA GAMA;39/0 - 43/4;
4148308;7015299;90;356;SANDÁLIA HAVAIANAS TOP TIMES VASCO DA GAMA;39/0 - 43/4;
4148308;7015299;90;378;SANDÁLIA HAVAIANAS TOP TIMES VASCO DA GAMA;39/0 - 43/4;
4148308;7015299;90;390;SANDÁLIA HAVAIANAS TOP TIMES VASCO DA GAMA;39/0 - 43/4;Sim
4148308;7015299;90;412;SANDÁLIA HAVAIANAS TOP TIMES VASCO DA GAMA;39/0 - 43/4;Sim
4148308;7015299;90;434;SANDÁLIA HAVAIANAS TOP TIMES VASCO DA GAMA;39/0 - 43/4;Sim
4148308;7015299;90;456;SANDÁLIA HAVAIANAS TOP TIMES VASCO DA GAMA;39/0 - 43/4;
4148307;7015298;1;256;SANDÁLIA HAVAIANAS TOP TIMES SÃO PAULO;39/0 - 43/4;
4148307;7015298;1;278;SANDÁLIA HAVAIANAS TOP TIMES SÃO PAULO;39/0 - 43/4;
4148307;7015298;1;290;SANDÁLIA HAVAIANAS TOP TIMES SÃO PAULO;39/0 - 43/4;
4148307;7015298;1;312;SANDÁLIA HAVAIANAS TOP TIMES SÃO PAULO;39/0 - 43/4;
4148307;7015298;1;334;SANDÁLIA HAVAIANAS TOP TIMES SÃO PAULO;39/0 - 43/4;
4148307;7015298;1;356;SANDÁLIA HAVAIANAS TOP TIMES SÃO PAULO;39/0 - 43/4;
4148307;7015298;1;378;SANDÁLIA HAVAIANAS TOP TIMES SÃO PAULO;39/0 - 43/4;
4148307;7015298;1;390;SANDÁLIA HAVAIANAS TOP TIMES SÃO PAULO;39/0 - 43/4;Sim
4148307;7015298;1;412;SANDÁLIA HAVAIANAS TOP TIMES SÃO PAULO;39/0 - 43/4;Sim
4148307;7015298;1;434;SANDÁLIA HAVAIANAS TOP TIMES SÃO PAULO;39/0 - 43/4;Sim
4148307;7015298;1;456;SANDÁLIA HAVAIANAS TOP TIMES SÃO PAULO;39/0 - 43/4;
4148309;7015300;2619;256;SANDÁLIA HAVAIANAS TOP TIMES PALMEIRAS;39/0 - 43/4;
4148309;7015300;2619;278;SANDÁLIA HAVAIANAS TOP TIMES PALMEIRAS;39/0 - 43/4;
4148309;7015300;2619;290;SANDÁLIA HAVAIANAS TOP TIMES PALMEIRAS;39/0 - 43/4;
4148309;7015300;2619;312;SANDÁLIA HAVAIANAS TOP TIMES PALMEIRAS;39/0 - 43/4;
4148309;7015300;2619;334;SANDÁLIA HAVAIANAS TOP TIMES PALMEIRAS;39/0 - 43/4;
4148309;7015300;2619;356;SANDÁLIA HAVAIANAS TOP TIMES PALMEIRAS;39/0 - 43/4;
4148309;7015300;2619;378;SANDÁLIA HAVAIANAS TOP TIMES PALMEIRAS;39/0 - 43/4;
4148309;7015300;2619;390;SANDÁLIA HAVAIANAS TOP TIMES PALMEIRAS;39/0 - 43/4;Sim
4148309;7015300;2619;412;SANDÁLIA HAVAIANAS TOP TIMES PALMEIRAS;39/0 - 43/4;Sim
4148309;7015300;2619;434;SANDÁLIA HAVAIANAS TOP TIMES PALMEIRAS;39/0 - 43/4;Sim
4148309;7015300;2619;456;SANDÁLIA HAVAIANAS TOP TIMES PALMEIRAS;39/0 - 43/4;
4148304;7015283;90;256;SANDÁLIA HAVAIANAS TOP TIMES FLAMENGO;39/0 - 43/4;
4148304;7015283;90;278;SANDÁLIA HAVAIANAS TOP TIMES FLAMENGO;39/0 - 43/4;
4148304;7015283;90;290;SANDÁLIA HAVAIANAS TOP TIMES FLAMENGO;39/0 - 43/4;
4148304;7015283;90;312;SANDÁLIA HAVAIANAS TOP TIMES FLAMENGO;39/0 - 43/4;
4148304;7015283;90;334;SANDÁLIA HAVAIANAS TOP TIMES FLAMENGO;39/0 - 43/4;
4148304;7015283;90;356;SANDÁLIA HAVAIANAS TOP TIMES FLAMENGO;39/0 - 43/4;
4148304;7015283;90;378;SANDÁLIA HAVAIANAS TOP TIMES FLAMENGO;39/0 - 43/4;
4148304;7015283;90;390;SANDÁLIA HAVAIANAS TOP TIMES FLAMENGO;39/0 - 43/4;Sim
4148304;7015283;90;412;SANDÁLIA HAVAIANAS TOP TIMES FLAMENGO;39/0 - 43/4;Sim
4148304;7015283;90;434;SANDÁLIA HAVAIANAS TOP TIMES FLAMENGO;39/0 - 43/4;Sim
4148304;7015283;90;456;SANDÁLIA HAVAIANAS TOP TIMES FLAMENGO;39/0 - 43/4;
4148305;7015284;90;256;SANDÁLIA HAVAIANAS TOP TIMES CORINTHIANS;39/0 - 43/4;
4148305;7015284;90;278;SANDÁLIA HAVAIANAS TOP TIMES CORINTHIANS;39/0 - 43/4;
4148305;7015284;90;290;SANDÁLIA HAVAIANAS TOP TIMES CORINTHIANS;39/0 - 43/4;
4148305;7015284;90;312;SANDÁLIA HAVAIANAS TOP TIMES CORINTHIANS;39/0 - 43/4;
4148305;7015284;90;334;SANDÁLIA HAVAIANAS TOP TIMES CORINTHIANS;39/0 - 43/4;
4148305;7015284;90;356;SANDÁLIA HAVAIANAS TOP TIMES CORINTHIANS;39/0 - 43/4;
4148305;7015284;90;378;SANDÁLIA HAVAIANAS TOP TIMES CORINTHIANS;39/0 - 43/4;
4148305;7015284;90;390;SANDÁLIA HAVAIANAS TOP TIMES CORINTHIANS;39/0 - 43/4;Sim
4148305;7015284;90;412;SANDÁLIA HAVAIANAS TOP TIMES CORINTHIANS;39/0 - 43/4;Sim
4148305;7015284;90;434;SANDÁLIA HAVAIANAS TOP TIMES CORINTHIANS;39/0 - 43/4;Sim
4148305;7015284;90;456;SANDÁLIA HAVAIANAS TOP TIMES CORINTHIANS;39/0 - 43/4;
4147906;7014823;9537;290;SANDÁLIAS HAVAIANAS SLIM GLITTER STRIPES;35/6 - 39/0;
4147906;7014823;9537;312;SANDÁLIAS HAVAIANAS SLIM GLITTER STRIPES;35/6 - 39/0;
4147906;7014823;9537;334;SANDÁLIAS HAVAIANAS SLIM GLITTER STRIPES;35/6 - 39/0;
4147906;7014823;9537;356;SANDÁLIAS HAVAIANAS SLIM GLITTER STRIPES;35/6 - 39/0;Sim
4147906;7014823;9537;378;SANDÁLIAS HAVAIANAS SLIM GLITTER STRIPES;35/6 - 39/0;Sim
4147906;7014823;9537;390;SANDÁLIAS HAVAIANAS SLIM GLITTER STRIPES;35/6 - 39/0;Sim
4147906;7014823;9537;412;SANDÁLIAS HAVAIANAS SLIM GLITTER STRIPES;35/6 - 39/0;
4147906;7014823;76;290;SANDÁLIAS HAVAIANAS SLIM GLITTER STRIPES;35/6 - 39/0;
4147906;7014823;76;312;SANDÁLIAS HAVAIANAS SLIM GLITTER STRIPES;35/6 - 39/0;
4147906;7014823;76;334;SANDÁLIAS HAVAIANAS SLIM GLITTER STRIPES;35/6 - 39/0;
4147906;7014823;76;356;SANDÁLIAS HAVAIANAS SLIM GLITTER STRIPES;35/6 - 39/0;Sim
4147906;7014823;76;378;SANDÁLIAS HAVAIANAS SLIM GLITTER STRIPES;35/6 - 39/0;Sim
4147906;7014823;76;390;SANDÁLIAS HAVAIANAS SLIM GLITTER STRIPES;35/6 - 39/0;Sim
4147906;7014823;76;412;SANDÁLIAS HAVAIANAS SLIM GLITTER STRIPES;35/6 - 39/0;
4147117;7014225;6362;290;SANDÁLIA HAVAIANAS STRADI;35/6 - 41/2;
4147117;7014225;6362;312;SANDÁLIA HAVAIANAS STRADI;35/6 - 41/2;
4147117;7014225;6362;334;SANDÁLIA HAVAIANAS STRADI;35/6 - 41/2;
4147117;7014225;6362;356;SANDÁLIA HAVAIANAS STRADI;35/6 - 41/2;Sim
4147117;7014225;6362;378;SANDÁLIA HAVAIANAS STRADI;35/6 - 41/2;Sim
4147117;7014225;6362;390;SANDÁLIA HAVAIANAS STRADI;35/6 - 41/2;Sim
4147117;7014225;6362;412;SANDÁLIA HAVAIANAS STRADI;35/6 - 41/2;Sim
4147117;7014225;6362;434;SANDÁLIA HAVAIANAS STRADI;35/6 - 41/2;
4147117;7014225;6362;456;SANDÁLIA HAVAIANAS STRADI;35/6 - 41/2;
4147117;7014225;7600;290;SANDÁLIA HAVAIANAS STRADI;35/6 - 41/2;
4147117;7014225;7600;312;SANDÁLIA HAVAIANAS STRADI;35/6 - 41/2;
4147117;7014225;7600;334;SANDÁLIA HAVAIANAS STRADI;35/6 - 41/2;
4147117;7014225;7600;356;SANDÁLIA HAVAIANAS STRADI;35/6 - 41/2;Sim
4147117;7014225;7600;378;SANDÁLIA HAVAIANAS STRADI;35/6 - 41/2;Sim
4147117;7014225;7600;390;SANDÁLIA HAVAIANAS STRADI;35/6 - 41/2;Sim
4147117;7014225;7600;412;SANDÁLIA HAVAIANAS STRADI;35/6 - 41/2;Sim
4147117;7014225;7600;434;SANDÁLIA HAVAIANAS STRADI;35/6 - 41/2;
4147117;7014225;7600;456;SANDÁLIA HAVAIANAS STRADI;35/6 - 41/2;
4147117;7014225;90;290;SANDÁLIA HAVAIANAS STRADI;35/6 - 41/2;
4147117;7014225;90;312;SANDÁLIA HAVAIANAS STRADI;35/6 - 41/2;
4147117;7014225;90;334;SANDÁLIA HAVAIANAS STRADI;35/6 - 41/2;
4147117;7014225;90;356;SANDÁLIA HAVAIANAS STRADI;35/6 - 41/2;Sim
4147117;7014225;90;378;SANDÁLIA HAVAIANAS STRADI;35/6 - 41/2;Sim
4147117;7014225;90;390;SANDÁLIA HAVAIANAS STRADI;35/6 - 41/2;Sim
4147117;7014225;90;412;SANDÁLIA HAVAIANAS STRADI;35/6 - 41/2;Sim
4147117;7014225;90;434;SANDÁLIA HAVAIANAS STRADI;35/6 - 41/2;
4147117;7014225;90;456;SANDÁLIA HAVAIANAS STRADI;35/6 - 41/2;
4147117;7014225;555;290;SANDÁLIA HAVAIANAS STRADI;35/6 - 41/2;
4147117;7014225;555;312;SANDÁLIA HAVAIANAS STRADI;35/6 - 41/2;
4147117;7014225;555;334;SANDÁLIA HAVAIANAS STRADI;35/6 - 41/2;
4147117;7014225;555;356;SANDÁLIA HAVAIANAS STRADI;35/6 - 41/2;Sim
4147117;7014225;555;378;SANDÁLIA HAVAIANAS STRADI;35/6 - 41/2;Sim
4147117;7014225;555;390;SANDÁLIA HAVAIANAS STRADI;35/6 - 41/2;Sim
4147117;7014225;555;412;SANDÁLIA HAVAIANAS STRADI;35/6 - 41/2;Sim
4147117;7014225;555;434;SANDÁLIA HAVAIANAS STRADI;35/6 - 41/2;
4147117;7014225;555;456;SANDÁLIA HAVAIANAS STRADI;35/6 - 41/2;
4147117;7014225;869;290;SANDÁLIA HAVAIANAS STRADI;35/6 - 41/2;
4147117;7014225;869;312;SANDÁLIA HAVAIANAS STRADI;35/6 - 41/2;
4147117;7014225;869;334;SANDÁLIA HAVAIANAS STRADI;35/6 - 41/2;
4147117;7014225;869;356;SANDÁLIA HAVAIANAS STRADI;35/6 - 41/2;Sim
4147117;7014225;869;378;SANDÁLIA HAVAIANAS STRADI;35/6 - 41/2;Sim
4147117;7014225;869;390;SANDÁLIA HAVAIANAS STRADI;35/6 - 41/2;Sim
4147117;7014225;869;412;SANDÁLIA HAVAIANAS STRADI;35/6 - 41/2;Sim
4147117;7014225;869;434;SANDÁLIA HAVAIANAS STRADI;35/6 - 41/2;
4147117;7014225;869;456;SANDÁLIA HAVAIANAS STRADI;35/6 - 41/2;
4147117;7014225;3847;290;SANDÁLIA HAVAIANAS STRADI;35/6 - 41/2;
4147117;7014225;3847;312;SANDÁLIA HAVAIANAS STRADI;35/6 - 41/2;
4147117;7014225;3847;334;SANDÁLIA HAVAIANAS STRADI;35/6 - 41/2;
4147117;7014225;3847;356;SANDÁLIA HAVAIANAS STRADI;35/6 - 41/2;Sim
4147117;7014225;3847;378;SANDÁLIA HAVAIANAS STRADI;35/6 - 41/2;Sim
4147117;7014225;3847;390;SANDÁLIA HAVAIANAS STRADI;35/6 - 41/2;Sim
4147117;7014225;3847;412;SANDÁLIA HAVAIANAS STRADI;35/6 - 41/2;Sim
4147117;7014225;3847;434;SANDÁLIA HAVAIANAS STRADI;35/6 - 41/2;
4147117;7014225;3847;456;SANDÁLIA HAVAIANAS STRADI;35/6 - 41/2;
4147117;7014225;5778;290;SANDÁLIA HAVAIANAS STRADI;35/6 - 41/2;
4147117;7014225;5778;312;SANDÁLIA HAVAIANAS STRADI;35/6 - 41/2;
4147117;7014225;5778;334;SANDÁLIA HAVAIANAS STRADI;35/6 - 41/2;
4147117;7014225;5778;356;SANDÁLIA HAVAIANAS STRADI;35/6 - 41/2;Sim
4147117;7014225;5778;378;SANDÁLIA HAVAIANAS STRADI;35/6 - 41/2;Sim
4147117;7014225;5778;390;SANDÁLIA HAVAIANAS STRADI;35/6 - 41/2;Sim
4147117;7014225;5778;412;SANDÁLIA HAVAIANAS STRADI;35/6 - 41/2;Sim
4147117;7014225;5778;434;SANDÁLIA HAVAIANAS STRADI;35/6 - 41/2;
4147117;7014225;5778;456;SANDÁLIA HAVAIANAS STRADI;35/6 - 41/2;
4147329;7014391;133;290;SANDÁLIA HAVAIANAS SLIDE CLASSIC PRINT;35/6 - 41/2;
4147329;7014391;133;312;SANDÁLIA HAVAIANAS SLIDE CLASSIC PRINT;35/6 - 41/2;
4147329;7014391;133;334;SANDÁLIA HAVAIANAS SLIDE CLASSIC PRINT;35/6 - 41/2;
4147329;7014391;133;356;SANDÁLIA HAVAIANAS SLIDE CLASSIC PRINT;35/6 - 41/2;Sim
4147329;7014391;133;378;SANDÁLIA HAVAIANAS SLIDE CLASSIC PRINT;35/6 - 41/2;Sim
4147329;7014391;133;390;SANDÁLIA HAVAIANAS SLIDE CLASSIC PRINT;35/6 - 41/2;Sim
4147329;7014391;133;412;SANDÁLIA HAVAIANAS SLIDE CLASSIC PRINT;35/6 - 41/2;Sim
4147329;7014391;133;434;SANDÁLIA HAVAIANAS SLIDE CLASSIC PRINT;35/6 - 41/2;
4147329;7014391;133;456;SANDÁLIA HAVAIANAS SLIDE CLASSIC PRINT;35/6 - 41/2;
4147329;7014391;4061;290;SANDÁLIA HAVAIANAS SLIDE CLASSIC PRINT;35/6 - 41/2;
4147329;7014391;4061;312;SANDÁLIA HAVAIANAS SLIDE CLASSIC PRINT;35/6 - 41/2;
4147329;7014391;4061;334;SANDÁLIA HAVAIANAS SLIDE CLASSIC PRINT;35/6 - 41/2;
4147329;7014391;4061;356;SANDÁLIA HAVAIANAS SLIDE CLASSIC PRINT;35/6 - 41/2;Sim
4147329;7014391;4061;378;SANDÁLIA HAVAIANAS SLIDE CLASSIC PRINT;35/6 - 41/2;Sim
4147329;7014391;4061;390;SANDÁLIA HAVAIANAS SLIDE CLASSIC PRINT;35/6 - 41/2;Sim
4147329;7014391;4061;412;SANDÁLIA HAVAIANAS SLIDE CLASSIC PRINT;35/6 - 41/2;Sim
4147329;7014391;4061;434;SANDÁLIA HAVAIANAS SLIDE CLASSIC PRINT;35/6 - 41/2;
4147329;7014391;4061;456;SANDÁLIA HAVAIANAS SLIDE CLASSIC PRINT;35/6 - 41/2;
4147319;7014586;90;290;SANDÁLIA HAVAIANAS SLIDE CLASSIC BRASIL;35/6 - 41/2;
4147319;7014586;90;312;SANDÁLIA HAVAIANAS SLIDE CLASSIC BRASIL;35/6 - 41/2;
4147319;7014586;90;334;SANDÁLIA HAVAIANAS SLIDE CLASSIC BRASIL;35/6 - 41/2;
4147319;7014586;90;356;SANDÁLIA HAVAIANAS SLIDE CLASSIC BRASIL;35/6 - 41/2;Sim
4147319;7014586;90;378;SANDÁLIA HAVAIANAS SLIDE CLASSIC BRASIL;35/6 - 41/2;Sim
4147319;7014586;90;390;SANDÁLIA HAVAIANAS SLIDE CLASSIC BRASIL;35/6 - 41/2;Sim
4147319;7014586;90;412;SANDÁLIA HAVAIANAS SLIDE CLASSIC BRASIL;35/6 - 41/2;Sim
4147319;7014586;90;434;SANDÁLIA HAVAIANAS SLIDE CLASSIC BRASIL;35/6 - 41/2;
4147319;7014586;90;456;SANDÁLIA HAVAIANAS SLIDE CLASSIC BRASIL;35/6 - 41/2;
4147319;7014586;2711;290;SANDÁLIA HAVAIANAS SLIDE CLASSIC BRASIL;35/6 - 41/2;
4147319;7014586;2711;312;SANDÁLIA HAVAIANAS SLIDE CLASSIC BRASIL;35/6 - 41/2;
4147319;7014586;2711;334;SANDÁLIA HAVAIANAS SLIDE CLASSIC BRASIL;35/6 - 41/2;
4147319;7014586;2711;356;SANDÁLIA HAVAIANAS SLIDE CLASSIC BRASIL;35/6 - 41/2;Sim
4147319;7014586;2711;378;SANDÁLIA HAVAIANAS SLIDE CLASSIC BRASIL;35/6 - 41/2;Sim
4147319;7014586;2711;390;SANDÁLIA HAVAIANAS SLIDE CLASSIC BRASIL;35/6 - 41/2;Sim
4147319;7014586;2711;412;SANDÁLIA HAVAIANAS SLIDE CLASSIC BRASIL;35/6 - 41/2;Sim
4147319;7014586;2711;434;SANDÁLIA HAVAIANAS SLIDE CLASSIC BRASIL;35/6 - 41/2;
4147319;7014586;2711;456;SANDÁLIA HAVAIANAS SLIDE CLASSIC BRASIL;35/6 - 41/2;
4147319;7014586;555;290;SANDÁLIA HAVAIANAS SLIDE CLASSIC BRASIL;35/6 - 41/2;
4147319;7014586;555;312;SANDÁLIA HAVAIANAS SLIDE CLASSIC BRASIL;35/6 - 41/2;
4147319;7014586;555;334;SANDÁLIA HAVAIANAS SLIDE CLASSIC BRASIL;35/6 - 41/2;
4147319;7014586;555;356;SANDÁLIA HAVAIANAS SLIDE CLASSIC BRASIL;35/6 - 41/2;Sim
4147319;7014586;555;378;SANDÁLIA HAVAIANAS SLIDE CLASSIC BRASIL;35/6 - 41/2;Sim
4147319;7014586;555;390;SANDÁLIA HAVAIANAS SLIDE CLASSIC BRASIL;35/6 - 41/2;Sim
4147319;7014586;555;412;SANDÁLIA HAVAIANAS SLIDE CLASSIC BRASIL;35/6 - 41/2;Sim
4147319;7014586;555;434;SANDÁLIA HAVAIANAS SLIDE CLASSIC BRASIL;35/6 - 41/2;
4147319;7014586;555;456;SANDÁLIA HAVAIANAS SLIDE CLASSIC BRASIL;35/6 - 41/2;
4147258;7014303;1;290;SANDÁLIA HAVAIANAS SLIDE CLASSIC;35/6 - 41/2;
4147258;7014303;1;312;SANDÁLIA HAVAIANAS SLIDE CLASSIC;35/6 - 41/2;
4147258;7014303;1;334;SANDÁLIA HAVAIANAS SLIDE CLASSIC;35/6 - 41/2;
4147258;7014303;1;356;SANDÁLIA HAVAIANAS SLIDE CLASSIC;35/6 - 41/2;Sim
4147258;7014303;1;378;SANDÁLIA HAVAIANAS SLIDE CLASSIC;35/6 - 41/2;Sim
4147258;7014303;1;390;SANDÁLIA HAVAIANAS SLIDE CLASSIC;35/6 - 41/2;Sim
4147258;7014303;1;412;SANDÁLIA HAVAIANAS SLIDE CLASSIC;35/6 - 41/2;Sim
4147258;7014303;1;434;SANDÁLIA HAVAIANAS SLIDE CLASSIC;35/6 - 41/2;
4147258;7014303;1;456;SANDÁLIA HAVAIANAS SLIDE CLASSIC;35/6 - 41/2;
4147258;7014303;89;290;SANDÁLIA HAVAIANAS SLIDE CLASSIC;35/6 - 41/2;
4147258;7014303;89;312;SANDÁLIA HAVAIANAS SLIDE CLASSIC;35/6 - 41/2;
4147258;7014303;89;334;SANDÁLIA HAVAIANAS SLIDE CLASSIC;35/6 - 41/2;
4147258;7014303;89;356;SANDÁLIA HAVAIANAS SLIDE CLASSIC;35/6 - 41/2;Sim
4147258;7014303;89;378;SANDÁLIA HAVAIANAS SLIDE CLASSIC;35/6 - 41/2;Sim
4147258;7014303;89;390;SANDÁLIA HAVAIANAS SLIDE CLASSIC;35/6 - 41/2;Sim
4147258;7014303;89;412;SANDÁLIA HAVAIANAS SLIDE CLASSIC;35/6 - 41/2;Sim
4147258;7014303;89;434;SANDÁLIA HAVAIANAS SLIDE CLASSIC;35/6 - 41/2;
4147258;7014303;89;456;SANDÁLIA HAVAIANAS SLIDE CLASSIC;35/6 - 41/2;
4147258;7014303;90;290;SANDÁLIA HAVAIANAS SLIDE CLASSIC;35/6 - 41/2;
4147258;7014303;90;312;SANDÁLIA HAVAIANAS SLIDE CLASSIC;35/6 - 41/2;
4147258;7014303;90;334;SANDÁLIA HAVAIANAS SLIDE CLASSIC;35/6 - 41/2;
4147258;7014303;90;356;SANDÁLIA HAVAIANAS SLIDE CLASSIC;35/6 - 41/2;Sim
4147258;7014303;90;378;SANDÁLIA HAVAIANAS SLIDE CLASSIC;35/6 - 41/2;Sim
4147258;7014303;90;390;SANDÁLIA HAVAIANAS SLIDE CLASSIC;35/6 - 41/2;Sim
4147258;7014303;90;412;SANDÁLIA HAVAIANAS SLIDE CLASSIC;35/6 - 41/2;Sim
4147258;7014303;90;434;SANDÁLIA HAVAIANAS SLIDE CLASSIC;35/6 - 41/2;
4147258;7014303;90;456;SANDÁLIA HAVAIANAS SLIDE CLASSIC;35/6 - 41/2;
4147258;7014303;4622;290;SANDÁLIA HAVAIANAS SLIDE CLASSIC;35/6 - 41/2;
4147258;7014303;4622;312;SANDÁLIA HAVAIANAS SLIDE CLASSIC;35/6 - 41/2;
4147258;7014303;4622;334;SANDÁLIA HAVAIANAS SLIDE CLASSIC;35/6 - 41/2;
4147258;7014303;4622;356;SANDÁLIA HAVAIANAS SLIDE CLASSIC;35/6 - 41/2;Sim
4147258;7014303;4622;378;SANDÁLIA HAVAIANAS SLIDE CLASSIC;35/6 - 41/2;Sim
4147258;7014303;4622;390;SANDÁLIA HAVAIANAS SLIDE CLASSIC;35/6 - 41/2;Sim
4147258;7014303;4622;412;SANDÁLIA HAVAIANAS SLIDE CLASSIC;35/6 - 41/2;Sim
4147258;7014303;4622;434;SANDÁLIA HAVAIANAS SLIDE CLASSIC;35/6 - 41/2;
4147258;7014303;4622;456;SANDÁLIA HAVAIANAS SLIDE CLASSIC;35/6 - 41/2;
4147258;7014303;1740;290;SANDÁLIA HAVAIANAS SLIDE CLASSIC;35/6 - 41/2;
4147258;7014303;1740;312;SANDÁLIA HAVAIANAS SLIDE CLASSIC;35/6 - 41/2;
4147258;7014303;1740;334;SANDÁLIA HAVAIANAS SLIDE CLASSIC;35/6 - 41/2;
4147258;7014303;1740;356;SANDÁLIA HAVAIANAS SLIDE CLASSIC;35/6 - 41/2;Sim
4147258;7014303;1740;378;SANDÁLIA HAVAIANAS SLIDE CLASSIC;35/6 - 41/2;Sim
4147258;7014303;1740;390;SANDÁLIA HAVAIANAS SLIDE CLASSIC;35/6 - 41/2;Sim
4147258;7014303;1740;412;SANDÁLIA HAVAIANAS SLIDE CLASSIC;35/6 - 41/2;Sim
4147258;7014303;1740;434;SANDÁLIA HAVAIANAS SLIDE CLASSIC;35/6 - 41/2;
4147258;7014303;1740;456;SANDÁLIA HAVAIANAS SLIDE CLASSIC;35/6 - 41/2;
4147258;7014303;869;290;SANDÁLIA HAVAIANAS SLIDE CLASSIC;35/6 - 41/2;
4147258;7014303;869;312;SANDÁLIA HAVAIANAS SLIDE CLASSIC;35/6 - 41/2;
4147258;7014303;869;334;SANDÁLIA HAVAIANAS SLIDE CLASSIC;35/6 - 41/2;
4147258;7014303;869;356;SANDÁLIA HAVAIANAS SLIDE CLASSIC;35/6 - 41/2;Sim
4147258;7014303;869;378;SANDÁLIA HAVAIANAS SLIDE CLASSIC;35/6 - 41/2;Sim
4147258;7014303;869;390;SANDÁLIA HAVAIANAS SLIDE CLASSIC;35/6 - 41/2;Sim
4147258;7014303;869;412;SANDÁLIA HAVAIANAS SLIDE CLASSIC;35/6 - 41/2;Sim
4147258;7014303;869;434;SANDÁLIA HAVAIANAS SLIDE CLASSIC;35/6 - 41/2;
4147258;7014303;869;456;SANDÁLIA HAVAIANAS SLIDE CLASSIC;35/6 - 41/2;
4147258;7014303;5735;290;SANDÁLIA HAVAIANAS SLIDE CLASSIC;35/6 - 41/2;
4147258;7014303;5735;312;SANDÁLIA HAVAIANAS SLIDE CLASSIC;35/6 - 41/2;
4147258;7014303;5735;334;SANDÁLIA HAVAIANAS SLIDE CLASSIC;35/6 - 41/2;
4147258;7014303;5735;356;SANDÁLIA HAVAIANAS SLIDE CLASSIC;35/6 - 41/2;Sim
4147258;7014303;5735;378;SANDÁLIA HAVAIANAS SLIDE CLASSIC;35/6 - 41/2;Sim
4147258;7014303;5735;390;SANDÁLIA HAVAIANAS SLIDE CLASSIC;35/6 - 41/2;Sim
4147258;7014303;5735;412;SANDÁLIA HAVAIANAS SLIDE CLASSIC;35/6 - 41/2;Sim
4147258;7014303;5735;434;SANDÁLIA HAVAIANAS SLIDE CLASSIC;35/6 - 41/2;
4147258;7014303;5735;456;SANDÁLIA HAVAIANAS SLIDE CLASSIC;35/6 - 41/2;
4147258;7014303;2619;290;SANDÁLIA HAVAIANAS SLIDE CLASSIC;35/6 - 41/2;
4147258;7014303;2619;312;SANDÁLIA HAVAIANAS SLIDE CLASSIC;35/6 - 41/2;
4147258;7014303;2619;334;SANDÁLIA HAVAIANAS SLIDE CLASSIC;35/6 - 41/2;
4147258;7014303;2619;356;SANDÁLIA HAVAIANAS SLIDE CLASSIC;35/6 - 41/2;Sim
4147258;7014303;2619;378;SANDÁLIA HAVAIANAS SLIDE CLASSIC;35/6 - 41/2;Sim
4147258;7014303;2619;390;SANDÁLIA HAVAIANAS SLIDE CLASSIC;35/6 - 41/2;Sim
4147258;7014303;2619;412;SANDÁLIA HAVAIANAS SLIDE CLASSIC;35/6 - 41/2;Sim
4147258;7014303;2619;434;SANDÁLIA HAVAIANAS SLIDE CLASSIC;35/6 - 41/2;
4147258;7014303;2619;456;SANDÁLIA HAVAIANAS SLIDE CLASSIC;35/6 - 41/2;
4148277;7015197;90;334;SANDÁLIAS HAVAIANAS SLIM SQUARE VELVET;35/6 - 39/0;
4148277;7015197;90;356;SANDÁLIAS HAVAIANAS SLIM SQUARE VELVET;35/6 - 39/0;Sim
4148277;7015197;90;378;SANDÁLIAS HAVAIANAS SLIM SQUARE VELVET;35/6 - 39/0;Sim
4148277;7015197;90;390;SANDÁLIAS HAVAIANAS SLIM SQUARE VELVET;35/6 - 39/0;Sim
4148277;7015197;90;412;SANDÁLIAS HAVAIANAS SLIM SQUARE VELVET;35/6 - 39/0;
4148277;7015197;1976;334;SANDÁLIAS HAVAIANAS SLIM SQUARE VELVET;35/6 - 39/0;
4148277;7015197;1976;356;SANDÁLIAS HAVAIANAS SLIM SQUARE VELVET;35/6 - 39/0;Sim
4148277;7015197;1976;378;SANDÁLIAS HAVAIANAS SLIM SQUARE VELVET;35/6 - 39/0;Sim
4148277;7015197;1976;390;SANDÁLIAS HAVAIANAS SLIM SQUARE VELVET;35/6 - 39/0;Sim
4148277;7015197;1976;412;SANDÁLIAS HAVAIANAS SLIM SQUARE VELVET;35/6 - 39/0;
4148257;7015165;90;334;SANDÁLIAS HAVAIANAS SLIM SQUARE LOGO METALLIC;35/6 - 39/0;
4148257;7015165;90;356;SANDÁLIAS HAVAIANAS SLIM SQUARE LOGO METALLIC;35/6 - 39/0;Sim
4148257;7015165;90;378;SANDÁLIAS HAVAIANAS SLIM SQUARE LOGO METALLIC;35/6 - 39/0;Sim
4148257;7015165;90;390;SANDÁLIAS HAVAIANAS SLIM SQUARE LOGO METALLIC;35/6 - 39/0;Sim
4148257;7015165;90;412;SANDÁLIAS HAVAIANAS SLIM SQUARE LOGO METALLIC;35/6 - 39/0;
4148257;7015165;1803;334;SANDÁLIAS HAVAIANAS SLIM SQUARE LOGO METALLIC;35/6 - 39/0;
4148257;7015165;1803;356;SANDÁLIAS HAVAIANAS SLIM SQUARE LOGO METALLIC;35/6 - 39/0;Sim
4148257;7015165;1803;378;SANDÁLIAS HAVAIANAS SLIM SQUARE LOGO METALLIC;35/6 - 39/0;Sim
4148257;7015165;1803;390;SANDÁLIAS HAVAIANAS SLIM SQUARE LOGO METALLIC;35/6 - 39/0;Sim
4148257;7015165;1803;412;SANDÁLIAS HAVAIANAS SLIM SQUARE LOGO METALLIC;35/6 - 39/0;
4148257;7015165;869;334;SANDÁLIAS HAVAIANAS SLIM SQUARE LOGO METALLIC;35/6 - 39/0;
4148257;7015165;869;356;SANDÁLIAS HAVAIANAS SLIM SQUARE LOGO METALLIC;35/6 - 39/0;Sim
4148257;7015165;869;378;SANDÁLIAS HAVAIANAS SLIM SQUARE LOGO METALLIC;35/6 - 39/0;Sim
4148257;7015165;869;390;SANDÁLIAS HAVAIANAS SLIM SQUARE LOGO METALLIC;35/6 - 39/0;Sim
4148257;7015165;869;412;SANDÁLIAS HAVAIANAS SLIM SQUARE LOGO METALLIC;35/6 - 39/0;
4148257;7015165;3581;334;SANDÁLIAS HAVAIANAS SLIM SQUARE LOGO METALLIC;35/6 - 39/0;
4148257;7015165;3581;356;SANDÁLIAS HAVAIANAS SLIM SQUARE LOGO METALLIC;35/6 - 39/0;Sim
4148257;7015165;3581;378;SANDÁLIAS HAVAIANAS SLIM SQUARE LOGO METALLIC;35/6 - 39/0;Sim
4148257;7015165;3581;390;SANDÁLIAS HAVAIANAS SLIM SQUARE LOGO METALLIC;35/6 - 39/0;Sim
4148257;7015165;3581;412;SANDÁLIAS HAVAIANAS SLIM SQUARE LOGO METALLIC;35/6 - 39/0;
4148257;7015165;76;334;SANDÁLIAS HAVAIANAS SLIM SQUARE LOGO METALLIC;35/6 - 39/0;
4148257;7015165;76;356;SANDÁLIAS HAVAIANAS SLIM SQUARE LOGO METALLIC;35/6 - 39/0;Sim
4148257;7015165;76;378;SANDÁLIAS HAVAIANAS SLIM SQUARE LOGO METALLIC;35/6 - 39/0;Sim
4148257;7015165;76;390;SANDÁLIAS HAVAIANAS SLIM SQUARE LOGO METALLIC;35/6 - 39/0;Sim
4148257;7015165;76;412;SANDÁLIAS HAVAIANAS SLIM SQUARE LOGO METALLIC;35/6 - 39/0;
4148301;7015270;90;334;SANDÁLIAS HAVAIANAS SLIM SQUARE LISA;35/6 - 39/0;
4148301;7015270;90;356;SANDÁLIAS HAVAIANAS SLIM SQUARE LISA;35/6 - 39/0;Sim
4148301;7015270;90;378;SANDÁLIAS HAVAIANAS SLIM SQUARE LISA;35/6 - 39/0;Sim
4148301;7015270;90;390;SANDÁLIAS HAVAIANAS SLIM SQUARE LISA;35/6 - 39/0;Sim
4148301;7015270;90;412;SANDÁLIAS HAVAIANAS SLIM SQUARE LISA;35/6 - 39/0;
4148301;7015270;3544;334;SANDÁLIAS HAVAIANAS SLIM SQUARE LISA;35/6 - 39/0;
4148301;7015270;3544;356;SANDÁLIAS HAVAIANAS SLIM SQUARE LISA;35/6 - 39/0;Sim
4148301;7015270;3544;378;SANDÁLIAS HAVAIANAS SLIM SQUARE LISA;35/6 - 39/0;Sim
4148301;7015270;3544;390;SANDÁLIAS HAVAIANAS SLIM SQUARE LISA;35/6 - 39/0;Sim
4148301;7015270;3544;412;SANDÁLIAS HAVAIANAS SLIM SQUARE LISA;35/6 - 39/0;
4148301;7015270;1;334;SANDÁLIAS HAVAIANAS SLIM SQUARE LISA;35/6 - 39/0;
4148301;7015270;1;356;SANDÁLIAS HAVAIANAS SLIM SQUARE LISA;35/6 - 39/0;Sim
4148301;7015270;1;378;SANDÁLIAS HAVAIANAS SLIM SQUARE LISA;35/6 - 39/0;Sim
4148301;7015270;1;390;SANDÁLIAS HAVAIANAS SLIM SQUARE LISA;35/6 - 39/0;Sim
4148301;7015270;1;412;SANDÁLIAS HAVAIANAS SLIM SQUARE LISA;35/6 - 39/0;
4148102;7015016;1780;334;SANDÁLIA HAVAIANAS SLIM SQUARE GLITTER;35/6 - 39/0;
4148102;7015016;1780;356;SANDÁLIA HAVAIANAS SLIM SQUARE GLITTER;35/6 - 39/0;Sim
4148102;7015016;1780;378;SANDÁLIA HAVAIANAS SLIM SQUARE GLITTER;35/6 - 39/0;Sim
4148102;7015016;1780;390;SANDÁLIA HAVAIANAS SLIM SQUARE GLITTER;35/6 - 39/0;Sim
4148102;7015016;1780;412;SANDÁLIA HAVAIANAS SLIM SQUARE GLITTER;35/6 - 39/0;
4148102;7015016;3498;334;SANDÁLIA HAVAIANAS SLIM SQUARE GLITTER;35/6 - 39/0;
4148102;7015016;3498;356;SANDÁLIA HAVAIANAS SLIM SQUARE GLITTER;35/6 - 39/0;Sim
4148102;7015016;3498;378;SANDÁLIA HAVAIANAS SLIM SQUARE GLITTER;35/6 - 39/0;Sim
4148102;7015016;3498;390;SANDÁLIA HAVAIANAS SLIM SQUARE GLITTER;35/6 - 39/0;Sim
4148102;7015016;3498;412;SANDÁLIA HAVAIANAS SLIM SQUARE GLITTER;35/6 - 39/0;
4148102;7015016;89;334;SANDÁLIA HAVAIANAS SLIM SQUARE GLITTER;35/6 - 39/0;
4148102;7015016;89;356;SANDÁLIA HAVAIANAS SLIM SQUARE GLITTER;35/6 - 39/0;Sim
4148102;7015016;89;378;SANDÁLIA HAVAIANAS SLIM SQUARE GLITTER;35/6 - 39/0;Sim
4148102;7015016;89;390;SANDÁLIA HAVAIANAS SLIM SQUARE GLITTER;35/6 - 39/0;Sim
4148102;7015016;89;412;SANDÁLIA HAVAIANAS SLIM SQUARE GLITTER;35/6 - 39/0;
4148102;7015016;1750;334;SANDÁLIA HAVAIANAS SLIM SQUARE GLITTER;35/6 - 39/0;
4148102;7015016;1750;356;SANDÁLIA HAVAIANAS SLIM SQUARE GLITTER;35/6 - 39/0;Sim
4148102;7015016;1750;378;SANDÁLIA HAVAIANAS SLIM SQUARE GLITTER;35/6 - 39/0;Sim
4148102;7015016;1750;390;SANDÁLIA HAVAIANAS SLIM SQUARE GLITTER;35/6 - 39/0;Sim
4148102;7015016;1750;412;SANDÁLIA HAVAIANAS SLIM SQUARE GLITTER;35/6 - 39/0;
4148102;7015016;1809;334;SANDÁLIA HAVAIANAS SLIM SQUARE GLITTER;35/6 - 39/0;
4148102;7015016;1809;356;SANDÁLIA HAVAIANAS SLIM SQUARE GLITTER;35/6 - 39/0;Sim
4148102;7015016;1809;378;SANDÁLIA HAVAIANAS SLIM SQUARE GLITTER;35/6 - 39/0;Sim
4148102;7015016;1809;390;SANDÁLIA HAVAIANAS SLIM SQUARE GLITTER;35/6 - 39/0;Sim
4148102;7015016;1809;412;SANDÁLIA HAVAIANAS SLIM SQUARE GLITTER;35/6 - 39/0;
4148272;7015178;90;334;SANDÁLIA HAVAIANAS SLIM SQUARE MAGIC SEQUIN;35/6 - 39/0;
4148272;7015178;90;356;SANDÁLIA HAVAIANAS SLIM SQUARE MAGIC SEQUIN;35/6 - 39/0;Sim
4148272;7015178;90;378;SANDÁLIA HAVAIANAS SLIM SQUARE MAGIC SEQUIN;35/6 - 39/0;Sim
4148272;7015178;90;390;SANDÁLIA HAVAIANAS SLIM SQUARE MAGIC SEQUIN;35/6 - 39/0;Sim
4148272;7015178;90;412;SANDÁLIA HAVAIANAS SLIM SQUARE MAGIC SEQUIN;35/6 - 39/0;
4148272;7015178;1803;334;SANDÁLIA HAVAIANAS SLIM SQUARE MAGIC SEQUIN;35/6 - 39/0;
4148272;7015178;1803;356;SANDÁLIA HAVAIANAS SLIM SQUARE MAGIC SEQUIN;35/6 - 39/0;Sim
4148272;7015178;1803;378;SANDÁLIA HAVAIANAS SLIM SQUARE MAGIC SEQUIN;35/6 - 39/0;Sim
4148272;7015178;1803;390;SANDÁLIA HAVAIANAS SLIM SQUARE MAGIC SEQUIN;35/6 - 39/0;Sim
4148272;7015178;1803;412;SANDÁLIA HAVAIANAS SLIM SQUARE MAGIC SEQUIN;35/6 - 39/0;
4148272;7015178;3544;334;SANDÁLIA HAVAIANAS SLIM SQUARE MAGIC SEQUIN;35/6 - 39/0;
4148272;7015178;3544;356;SANDÁLIA HAVAIANAS SLIM SQUARE MAGIC SEQUIN;35/6 - 39/0;Sim
4148272;7015178;3544;378;SANDÁLIA HAVAIANAS SLIM SQUARE MAGIC SEQUIN;35/6 - 39/0;Sim
4148272;7015178;3544;390;SANDÁLIA HAVAIANAS SLIM SQUARE MAGIC SEQUIN;35/6 - 39/0;Sim
4148272;7015178;3544;412;SANDÁLIA HAVAIANAS SLIM SQUARE MAGIC SEQUIN;35/6 - 39/0;
4148272;7015178;154;334;SANDÁLIA HAVAIANAS SLIM SQUARE MAGIC SEQUIN;35/6 - 39/0;
4148272;7015178;154;356;SANDÁLIA HAVAIANAS SLIM SQUARE MAGIC SEQUIN;35/6 - 39/0;Sim
4148272;7015178;154;378;SANDÁLIA HAVAIANAS SLIM SQUARE MAGIC SEQUIN;35/6 - 39/0;Sim
4148272;7015178;154;390;SANDÁLIA HAVAIANAS SLIM SQUARE MAGIC SEQUIN;35/6 - 39/0;Sim
4148272;7015178;154;412;SANDÁLIA HAVAIANAS SLIM SQUARE MAGIC SEQUIN;35/6 - 39/0;
4148551;7015807;5178;334;SANDÁLIA HAVAIANAS SLIM SQUARE GLITTER II;35/6 - 39/0;
4148551;7015807;5178;356;SANDÁLIA HAVAIANAS SLIM SQUARE GLITTER II;35/6 - 39/0;Sim
4148551;7015807;5178;378;SANDÁLIA HAVAIANAS SLIM SQUARE GLITTER II;35/6 - 39/0;Sim
4148551;7015807;5178;390;SANDÁLIA HAVAIANAS SLIM SQUARE GLITTER II;35/6 - 39/0;Sim
4148551;7015807;5178;412;SANDÁLIA HAVAIANAS SLIM SQUARE GLITTER II;35/6 - 39/0;
4148551;7015807;154;334;SANDÁLIA HAVAIANAS SLIM SQUARE GLITTER II;35/6 - 39/0;
4148551;7015807;154;356;SANDÁLIA HAVAIANAS SLIM SQUARE GLITTER II;35/6 - 39/0;Sim
4148551;7015807;154;378;SANDÁLIA HAVAIANAS SLIM SQUARE GLITTER II;35/6 - 39/0;Sim
4148551;7015807;154;390;SANDÁLIA HAVAIANAS SLIM SQUARE GLITTER II;35/6 - 39/0;Sim
4148551;7015807;154;412;SANDÁLIA HAVAIANAS SLIM SQUARE GLITTER II;35/6 - 39/0;
4147906;7014823;128;334;SANDÁLIAS HAVAIANAS SLIM GLITTER STRIPES;35/6 - 39/0;
4147906;7014823;128;356;SANDÁLIAS HAVAIANAS SLIM GLITTER STRIPES;35/6 - 39/0;Sim
4147906;7014823;128;378;SANDÁLIAS HAVAIANAS SLIM GLITTER STRIPES;35/6 - 39/0;Sim
4147906;7014823;128;390;SANDÁLIAS HAVAIANAS SLIM GLITTER STRIPES;35/6 - 39/0;Sim
4147906;7014823;128;412;SANDÁLIAS HAVAIANAS SLIM GLITTER STRIPES;35/6 - 39/0;
4147906;7014823;128;434;SANDÁLIAS HAVAIANAS SLIM GLITTER STRIPES;35/6 - 39/0;
4147906;7014823;128;456;SANDÁLIAS HAVAIANAS SLIM GLITTER STRIPES;35/6 - 39/0;
4147131;7014255;3544;334;SANDÁLIA HAVAIANAS SLIDE CLASSIC METALLIC;35/6 - 39/0;
4147131;7014255;3544;356;SANDÁLIA HAVAIANAS SLIDE CLASSIC METALLIC;35/6 - 39/0;Sim
4147131;7014255;3544;378;SANDÁLIA HAVAIANAS SLIDE CLASSIC METALLIC;35/6 - 39/0;Sim
4147131;7014255;3544;390;SANDÁLIA HAVAIANAS SLIDE CLASSIC METALLIC;35/6 - 39/0;Sim
4147131;7014255;3544;412;SANDÁLIA HAVAIANAS SLIDE CLASSIC METALLIC;35/6 - 39/0;
4147131;7014255;3544;434;SANDÁLIA HAVAIANAS SLIDE CLASSIC METALLIC;35/6 - 39/0;
4147131;7014255;3544;456;SANDÁLIA HAVAIANAS SLIDE CLASSIC METALLIC;35/6 - 39/0;
4147131;7014255;5178;334;SANDÁLIA HAVAIANAS SLIDE CLASSIC METALLIC;35/6 - 39/0;
4147131;7014255;5178;356;SANDÁLIA HAVAIANAS SLIDE CLASSIC METALLIC;35/6 - 39/0;Sim
4147131;7014255;5178;378;SANDÁLIA HAVAIANAS SLIDE CLASSIC METALLIC;35/6 - 39/0;Sim
4147131;7014255;5178;390;SANDÁLIA HAVAIANAS SLIDE CLASSIC METALLIC;35/6 - 39/0;Sim
4147131;7014255;5178;412;SANDÁLIA HAVAIANAS SLIDE CLASSIC METALLIC;35/6 - 39/0;
4147131;7014255;5178;434;SANDÁLIA HAVAIANAS SLIDE CLASSIC METALLIC;35/6 - 39/0;
4147131;7014255;5178;456;SANDÁLIA HAVAIANAS SLIDE CLASSIC METALLIC;35/6 - 39/0;
4147131;7014255;154;334;SANDÁLIA HAVAIANAS SLIDE CLASSIC METALLIC;35/6 - 39/0;
4147131;7014255;154;356;SANDÁLIA HAVAIANAS SLIDE CLASSIC METALLIC;35/6 - 39/0;Sim
4147131;7014255;154;378;SANDÁLIA HAVAIANAS SLIDE CLASSIC METALLIC;35/6 - 39/0;Sim
4147131;7014255;154;390;SANDÁLIA HAVAIANAS SLIDE CLASSIC METALLIC;35/6 - 39/0;Sim
4147131;7014255;154;412;SANDÁLIA HAVAIANAS SLIDE CLASSIC METALLIC;35/6 - 39/0;
4147131;7014255;154;434;SANDÁLIA HAVAIANAS SLIDE CLASSIC METALLIC;35/6 - 39/0;
4147131;7014255;154;456;SANDÁLIA HAVAIANAS SLIDE CLASSIC METALLIC;35/6 - 39/0;
4141398;7011505;869;356;SANDÁLIAS HAVAIANAS TOP CAMU;39/0 - 43/4;
4141398;7011505;869;378;SANDÁLIAS HAVAIANAS TOP CAMU;39/0 - 43/4;
4141398;7011505;869;390;SANDÁLIAS HAVAIANAS TOP CAMU;39/0 - 43/4;Sim
4141398;7011505;869;412;SANDÁLIAS HAVAIANAS TOP CAMU;39/0 - 43/4;Sim
4141398;7011505;869;434;SANDÁLIAS HAVAIANAS TOP CAMU;39/0 - 43/4;Sim
4141398;7011505;869;456;SANDÁLIAS HAVAIANAS TOP CAMU;39/0 - 43/4;
4141398;7011505;89;356;SANDÁLIAS HAVAIANAS TOP CAMU;39/0 - 43/4;
4141398;7011505;89;378;SANDÁLIAS HAVAIANAS TOP CAMU;39/0 - 43/4;
4141398;7011505;89;390;SANDÁLIAS HAVAIANAS TOP CAMU;39/0 - 43/4;Sim
4141398;7011505;89;412;SANDÁLIAS HAVAIANAS TOP CAMU;39/0 - 43/4;Sim
4141398;7011505;89;434;SANDÁLIAS HAVAIANAS TOP CAMU;39/0 - 43/4;Sim
4141398;7011505;89;456;SANDÁLIAS HAVAIANAS TOP CAMU;39/0 - 43/4;
4141348;7011450;1411;356;SANDÁLIA HAVAIANAS TOP ATHLETIC;39/0 - 43/4;
4141348;7011450;1411;378;SANDÁLIA HAVAIANAS TOP ATHLETIC;39/0 - 43/4;
4141348;7011450;1411;390;SANDÁLIA HAVAIANAS TOP ATHLETIC;39/0 - 43/4;Sim
4141348;7011450;1411;412;SANDÁLIA HAVAIANAS TOP ATHLETIC;39/0 - 43/4;Sim
4141348;7011450;1411;434;SANDÁLIA HAVAIANAS TOP ATHLETIC;39/0 - 43/4;Sim
4141348;7011450;1411;456;SANDÁLIA HAVAIANAS TOP ATHLETIC;39/0 - 43/4;
4141348;7011450;5178;356;SANDÁLIA HAVAIANAS TOP ATHLETIC;39/0 - 43/4;
4141348;7011450;5178;378;SANDÁLIA HAVAIANAS TOP ATHLETIC;39/0 - 43/4;
4141348;7011450;5178;390;SANDÁLIA HAVAIANAS TOP ATHLETIC;39/0 - 43/4;Sim
4141348;7011450;5178;412;SANDÁLIA HAVAIANAS TOP ATHLETIC;39/0 - 43/4;Sim
4141348;7011450;5178;434;SANDÁLIA HAVAIANAS TOP ATHLETIC;39/0 - 43/4;Sim
4141348;7011450;5178;456;SANDÁLIA HAVAIANAS TOP ATHLETIC;39/0 - 43/4;
4141348;7011450;52;356;SANDÁLIA HAVAIANAS TOP ATHLETIC;39/0 - 43/4;
4141348;7011450;52;378;SANDÁLIA HAVAIANAS TOP ATHLETIC;39/0 - 43/4;
4141348;7011450;52;390;SANDÁLIA HAVAIANAS TOP ATHLETIC;39/0 - 43/4;Sim
4141348;7011450;52;412;SANDÁLIA HAVAIANAS TOP ATHLETIC;39/0 - 43/4;Sim
4141348;7011450;52;434;SANDÁLIA HAVAIANAS TOP ATHLETIC;39/0 - 43/4;Sim
4141348;7011450;52;456;SANDÁLIA HAVAIANAS TOP ATHLETIC;39/0 - 43/4;
4147865;7014759;3498;356;SANDÁLIAS HAVAIANAS TOP INK;39/0 - 43/4;
4147865;7014759;3498;378;SANDÁLIAS HAVAIANAS TOP INK;39/0 - 43/4;
4147865;7014759;3498;390;SANDÁLIAS HAVAIANAS TOP INK;39/0 - 43/4;Sim
4147865;7014759;3498;412;SANDÁLIAS HAVAIANAS TOP INK;39/0 - 43/4;Sim
4147865;7014759;3498;434;SANDÁLIAS HAVAIANAS TOP INK;39/0 - 43/4;Sim
4147865;7014759;3498;456;SANDÁLIAS HAVAIANAS TOP INK;39/0 - 43/4;
4147865;7014759;212;356;SANDÁLIAS HAVAIANAS TOP INK;39/0 - 43/4;
4147865;7014759;212;378;SANDÁLIAS HAVAIANAS TOP INK;39/0 - 43/4;
4147865;7014759;212;390;SANDÁLIAS HAVAIANAS TOP INK;39/0 - 43/4;Sim
4147865;7014759;212;412;SANDÁLIAS HAVAIANAS TOP INK;39/0 - 43/4;Sim
4147865;7014759;212;434;SANDÁLIAS HAVAIANAS TOP INK;39/0 - 43/4;Sim
4147865;7014759;212;456;SANDÁLIAS HAVAIANAS TOP INK;39/0 - 43/4;
